name,auto_data_precision,bronze_precision,silver_precision,auto_data_recall,bronze_recall,silver_recall,auto_data_F1,bronze_F1,silver_F1
120111_05new_ch2_neuron1.tif_06_143.v3dpbd.ano.eswc,0.1331237554550171,0.9781891107559204,1.0,0.08488470315933228,0.9636943973600864,0.962685339152813,0.10366726628019823,0.9708876579406129,0.9809879555816656
120111_05new_ch2_neuron2.tif.ano.eswc,0.025466203689575195,0.9380150884389877,0.995434942189604,0.017609238624572754,0.8016328513622284,0.9922702219337225,0.02082116554306008,0.8644780277233113,0.9938500627105847
1201_01_s06b_L36_Sum_ch2.tif_08_140.v3dpbd.ano.eswc,0.13540560007095337,0.9995843825745396,0.999633556464687,0.2524867653846741,0.998997971531935,1.0,0.17627633344485985,0.9992910910227792,0.9998167446559755
1201_01_s10mm_ch2.tif_01_142.v3dpbd.ano.eswc,0.32936525344848633,0.9790468607097864,0.9936755849048495,0.1832599639892578,0.81036576628685,0.9137704223394394,0.23549159281697937,0.886755852216653,0.9520493428788376
slice12_4to51_ch2_neuron1.tif_01_141.v3dpbd.ano.eswc,0.08283877372741699,0.9865663405507803,0.9866643203422427,0.19670897722244263,0.9906451487913728,0.9979035640135407,0.11658208945636828,0.9886015375650706,0.9922521164592306
slice12_4to51_ch2_neuron2.tif_01_141.v3dpbd.ano.eswc,0.07122945785522461,0.9190822690725327,0.9938528216443956,0.16742146015167236,0.8032736927270889,0.9121463820338249,0.09993961003400852,0.8572845852682989,0.9512483046032687
yun_dendrites_apical.tif_10_117.v3dpbd.ano.eswc,0.7440047860145569,0.9994430611841381,0.9995443004881963,0.04018521308898926,0.9413580261170864,0.9479012340307236,0.0762519055315701,0.9695313481104778,0.9730380224833268
