name,auto_data_precision,bronze_precision,silver_precision,gold_precision,auto_data_recall,bronze_recall,silver_recall,gold_recall,auto_data_F1,bronze_F1,silver_F1,gold_F1
120111_05new_ch2_neuron1.tif_06_143.v3dpbd.ano.eswc,0.11104834079742432,0.6144653856754303,0.6277144253253937,0.6043451428413391,0.09117501974105835,0.7357154488563538,0.7338564097881317,0.7339657843112946,0.10013516378579025,0.669646117715278,0.6766482399031488,0.662878330828537
120111_05new_ch2_neuron2.tif.ano.eswc,0.010172367095947266,0.3481517434120178,0.38880985975265503,0.38788390159606934,0.012626588344573975,0.5174111425876617,0.6621798574924469,0.6627357602119446,0.011267383906732093,0.4162322443958515,0.4899421056136337,0.48935793178639575
1201_01_s06b_L36_Sum_ch2.tif_08_140.v3dpbd.ano.eswc,0.10944557189941406,0.7590641230344772,0.7583182752132416,0.7585844546556473,0.22899234294891357,0.8036970049142838,0.8036970049142838,0.8036970049142838,0.14810514327782887,0.7807432003654227,0.7803484822643869,0.7804893931841336
1201_01_s10mm_ch2.tif_01_142.v3dpbd.ano.eswc,0.20254594087600708,0.4015355706214905,0.4273379445075989,0.41918349266052246,0.10430270433425903,0.3157499432563782,0.37106019258499146,0.3950161933898926,0.13769713319619162,0.35351287928210007,0.39721560615183366,0.4067411728095081
slice12_4to51_ch2_neuron1.tif_01_141.v3dpbd.ano.eswc,0.026276051998138428,0.09754174947738647,0.10054552555084229,0.1016969084739685,0.06865924596786499,0.10566234588623047,0.10962212085723877,0.10962212085723877,0.03800681002445787,0.10143978696083893,0.10488782590435118,0.10551090289240289
slice12_4to51_ch2_neuron2.tif_01_141.v3dpbd.ano.eswc,0.04063701629638672,0.13029128313064575,0.12212544679641724,0.11922991275787354,0.1093130111694336,0.1281328797340393,0.12626218795776367,0.13457900285720825,0.05924846685755924,0.12920306775271823,0.1241593699549132,0.12644033981880407
yun_dendrites_apical.tif_10_117.v3dpbd.ano.eswc,0.5947242081165314,0.4176713228225708,0.41585832834243774,0.3938888907432556,0.08253467082977295,0.9439207911491394,0.9455841593444347,0.9455049522221088,0.14495304019568853,0.5790994842485991,0.5776653092121029,0.5561081212654968
