name,precision,recall,F1
12987_P061_T01_(1)_S031_-_MFG_stamp_2024_09_24_22_47.ano.eswc,0.792456909,0.462265818,0.583915219
12987_P061_T01_(1)_S031_-_MFG_stamp_2024_09_24_22_48.ano.eswc,0.845226556,0.681794822,0.754764927
